Nom;Type;Adresse;Ville;Téléphone;Criticité
11e Brigade Parachutiste;Militaire;Quartier Balma;Toulouse;;Critique
3e RMAT;Militaire;Quartier Capitaine Larrieu;Muret;;Élevée
17e RGP;Militaire;Quartier Doumerc;Montauban;;Élevée
126e RI;Militaire;Quartier Laporte;Brive;;Élevée
1er RCP;Militaire;Quartier Beaumont;Pamiers;;Élevée
BA 118 Mont-de-Marsan;Air & Espace;Base aérienne 118;Mont-de-Marsan;;Critique
BA 120 Cazaux;Air & Espace;Base aérienne 120;Cazaux;;Critique
DGA Techniques Aéronautiques;Défense;Balma;Balma;;Critique
Airbus Defence & Space;Industriel Défense;Colomiers;Colomiers;;Critique
CNES Toulouse;Spatial;Rangueil;Toulouse;;Critique
Thales Alenia Space;Spatial;Rangueil;Toulouse;;Critique
